abiectus_adj	-1
abominatio_noun	-1
abortio_noun	-0.5
absentia_noun	-0.5
absortio_noun	1
abstinentia_noun	1
acceptus_adj	1
accretio_noun	0
accubitatio_noun	0
accuratio_noun	0.5
accusator_noun	0
acies_noun	0
acosmos_adj	-0.5
acta_noun	0.5
acua_noun	0
acualis_adj	0
acuarius_noun	0
adcretio_noun	0
adcuratio_noun	0.5
adcuratus_adj	0.5
adfamen_noun	0
adfectio_noun	0
adflictio_noun	-1
adgestio_noun	0
adgnomen_noun	0
adgnomentom_noun	0
adgressura_noun	0.5
adgressus_noun	0.5
adinuentio_noun	0
adinuentum_noun	0
adjutus_noun	1
adlegatio_noun	0
adlibentia_noun	0
admentom_noun	0
admotio_noun	0
adnomen_noun	0
adnomentum_noun	0
adoratio_noun	0.5
adparentia_noun	0
adpellatio_noun	0
adplicatio_noun	0
adpositom_noun	0
adpositum_noun	0
adpulsus_noun	0
adrectarium_noun	0
adrogans_adj	-0.5
adsensio_noun	1
adsentatio_noun	0.5
adser_noun	0
adspectabilis_adj	0
adtenuatus_adj	-0.5
adtractio_noun	0
adtrectatus_noun	0
adtributom_noun	0
aduentor_noun	0
aduersabilis_adj	-1
aduersaria_noun	-0.5
aduersarius_noun	-1
aduersom_noun	-0.5
aduersum_noun	-0.5
aduocatus_noun	0
aduorsabilis_adj	-1
aduorsarius_noun	-1
adytom_noun	0
adytum_noun	0
aecus_adj	0.5
aedes_noun	0
aedifex_noun	0
aegritudo_noun	-1
aeneus_adj	0
aenus_adj	0
aequalis_adj	0.5
aequatio_noun	0.5
aequibilis_adj	0.5
aequiparabilis_adj	0
aequiparatio_noun	0
aequiperabilis_adj	0
aequiperatio_noun	0
aequitas_noun	0.5
aequor_noun	0
aequus_adj	0.5
aer_noun	0
aeriportus_noun	0
aeroplaniga_noun	0
aerumna_noun	-0.5
aestimatus_noun	0
aetas_noun	0
aeuitas_noun	0
afa_noun	0
affamen_noun	0
affectio_noun	0
affectionalis_adj	0
afflictio_noun	-1
ager_noun	0
aggestio_noun	0
aggressura_noun	0.5
aggressus_noun	0.5
agilis_adj	0.5
agilitas_noun	0.5
agna_noun	0
agnomen_noun	0
agralis_adj	0
agraris_adj	0
agrarius_adj	0
alacer_adj	1
alacris_adj	1
alacritas_noun	1
alapa_noun	-0.5
alapha_noun	-0.5
albidus_adj	-0.5
alcyonidus_adj	0
alebris_adj	0.5
algificus_adj	0
alienitas_noun	-0.5
alienus_adj	-0.5
allegatio_noun	0
allubentia_noun	0
alsus_adj	0
altariom_noun	0
altarium_noun	0
altiliarius_noun	0
altilis_adj	0
altilitas_noun	0
altus_adj	0.5
amandatio_noun	-1
amans_noun	1
amaritudo_noun	-0.5
amarus_adj	-0.5
ambiguitas_noun	-0.5
ambiguus_adj	-0.5
ameicus_noun	1
amens_adj	-1
amentia_noun	-1
amicalis_adj	1
amicus_noun	1
ammentum_noun	0
ammotio_noun	0
amor_noun	1
amoratus_adj	1
amplitudo_noun	0
amplus_adj	0
anachoresis_noun	0.5
anamnesis_noun	0
anancites_noun	0
ancarius_noun	0
angarus_noun	0
angor_noun	-1
anhelitor_noun	-0.5
anhelus_adj	0
anilis_adj	0
anima_noun	0.5
animatus_noun	0
animus_noun	0.5
anitas_noun	0
annalis_adj	0
annalis_noun	0
annarius_adj	0
annus_noun	0
annuus_adj	0
ansula_noun	0
anticus_adj	0
antidepressiuum_noun	0
antiquaris_adj	0
antiquarius_adj	0
antiquitas_noun	0
antiquus_adj	0
antistatus_noun	0.5
antistes_noun	0.5
antrum_noun	0
anus_noun	0
apographon_noun	0
apparentia_noun	0
appellatio_noun	0
appenditiom_noun	0
appenditium_noun	0
applicatio_noun	0
appreciatum_noun	0.5
appulsus_noun	0
apsentia_noun	-0.5
apsolutus_adj	0.5
aqua_noun	0
aqualis_adj	0
aquarius_adj	0
aquaticus_adj	0
aquatilis_adj	0
aquatus_adj	0
aqueus_adj	0
aquilus_adj	0
archetypon_noun	0
archetypum_noun	0
architecticus_adj	0
architectonicus_adj	0
architectus_noun	0
arcitectus_noun	0
ardalio_noun	0.5
ardelio_noun	0.5
ardens_adj	0.5
arenosus_adj	0
argumentum_noun	0
arietatio_noun	0
arma_noun	0
armamentum_noun	0
armarium_noun	0
armatus_adj	0
armigera_noun	0
arrabo_noun	0
arrabon_noun	0
arrhabo_noun	0
arrhabon_noun	0
ars_noun	0
arsen_noun	0
artifex_noun	0
artificialis_adj	0
artificiom_noun	0
artificium_noun	0
artitus_adj	0
artom_noun	0
artum_noun	0
artutus_adj	1
aruorsarius_noun	-1
as_noun	0
aspectabilis_adj	0
asper_adj	-0.5
asperitas_noun	-0.5
aspernabilis_adj	-1
aspredo_noun	-0.5
aspretum_noun	-0.5
aspritudo_noun	-0.5
asprus_adj	-0.5
assarius_adj	0
assensio_noun	1
assentatio_noun	0.5
assiculus_noun	0
assis_noun	0
astaphis_noun	0
astrologia_noun	0
astrologus_adj	0
attractio_noun	0
attrectatus_noun	0
attributum_noun	0
atuentor_noun	0
auaritia_noun	-1
auarus_adj	-1
auctifer_adj	1
auctio_noun	0
auctionalis_adj	0
auctionarius_adj	0
auctorizabilis_adj	-0.5
auctumnus_noun	0
audacia_noun	1
auditorialis_adj	0
auditoriom_noun	0
auditorium_noun	0
auena_noun	0
auenarius_adj	0
auens_adj	0.5
augurium_noun	0.5
augustus_noun	1
aura_noun	1
aureatus_adj	0.5
aureus_adj	0.5
aurum_noun	0.5
ausculom_noun	0
austerus_adj	-0.5
autochthon_noun	0
autocthon_noun	0
autumnus_noun	0
autumpnus_noun	0
axedo_noun	0
axiculus_noun	0
axis_noun	0
azymus_adj	1
bacchatio_noun	0
bagina_noun	0
baro_noun	-1
barython_noun	0
basium_noun	0
batis_noun	0
battis_noun	0
battuarium_noun	0
beatitas_noun	1
beatus_adj	1
bellicus_adj	0
bellom_noun	0
bellum_noun	0
beneficentia_noun	1
beneficialis_adj	1
beneficiarius_adj	1
beneficiatus_noun	1
beneficientia_noun	1
beneficiom_noun	1
beneficium_noun	1
beneficus_adj	1
benificentia_noun	1
benificientia_noun	1
bibliotheca_noun	0
bibliothecarius_noun	0
bibliothece_noun	0
bipartitio_noun	0
bipedalis_adj	0
bipedalium_noun	0
bipertitio_noun	0
bita_noun	0
blatta_noun	0
blattarius_adj	0
blattea_noun	0
blatteus_adj	0
blattiarius_noun	0
blouius_adj	0
bonatus_adj	1
bonitas_noun	1
bonom_noun	1
bonum_noun	1
bonus_adj	1
bonus_noun	1
brassica_noun	0
brunneus_adj	0
buculus_noun	0
burdunculus_noun	0
bybliothecarius_noun	0
cacatus_noun	0
caecutientia_noun	-1
caeles_adj	1
caelibatus_noun	0.5
caelicus_adj	0.5
caelom_noun	0.5
caelum_noun	0.5
caena_noun	0
caenosus_adj	-1
caeremonia_noun	0
caerimonia_noun	0.5
caesar_noun	0.5
caesna_noun	0
calcestrom_noun	0
calcestrum_noun	0
caldor_noun	0
caligineus_adj	-0.5
caligo_noun	-0.5
callaina_noun	0
calor_noun	0
caloratus_adj	0
calta_noun	0
caltha_noun	0
cambiom_noun	0
cambium_noun	0
campania_noun	0
campanus_adj	0
campus_noun	0
camur_adj	0
camurus_adj	0
canabetum_noun	0
cancer_noun	-1
canceratus_adj	-1
canditatio_noun	0
candor_noun	0.5
cannabis_noun	0
cantatio_noun	0
canticus_adj	0
cantus_noun	0
capa_noun	0
capacitas_noun	0
capax_adj	0
capha_noun	0
capillatura_noun	0
capital_noun	-1
capitale_noun	-1
capitalis_adj	-1
capitarius_adj	0
capitatus_adj	0
capito_noun	0
cappari_noun	0
cappella_noun	0
capsula_noun	0
captiuitas_noun	-1
captiuncula_noun	-0.5
captiuus_adj	-1
capud_noun	0
caput_noun	0
caputalis_adj	-1
caracter_noun	0
careota_noun	0
cariota_noun	0
caritas_noun	1
carnalis_adj	0
carnarius_adj	0
carnatus_adj	0
carneus_adj	0
carnis_noun	0
caro_noun	0
carus_adj	1
cassis_noun	0
cassus_adj	-1
cassus_noun	0
castra_noun	0
casualis_adj	0
casus_noun	0
catinus_noun	0
cauculator_noun	0
cauillatus_noun	-0.5
cauitio_noun	0.5
causa_noun	0
causalis_adj	0
causarius_adj	0
caussa_noun	0
caussidicus_noun	0
causticus_adj	-0.5
cautio_noun	0.5
cautionalis_adj	0.5
ceiueis_noun	0.5
ceiuitas_noun	0.5
celator_noun	-0.5
celebrabilis_adj	1
cellariarius_noun	0
cellariom_noun	0
cellarium_noun	0
cementicium_noun	0
censualis_adj	0
census_noun	0
centenarius_adj	0
centenus_adj	0
ceremonia_noun	0
ceremonialis_adj	0
certamen_noun	0.5
certitas_noun	0.5
certitudo_noun	0.5
certus_adj	0.5
cerua_noun	0
ceruicositas_noun	-0.5
ceruicosus_adj	-0.5
ceterus_adj	0
chalcas_noun	0
chalceus_adj	0
chalybs_noun	0
chapa_noun	0
characias_noun	0
character_noun	0
charitas_noun	1
chema_noun	0
cheme_noun	0
chorda_noun	1
cici_noun	0
cicilinus_adj	0
cicinus_adj	0
ciconea_noun	0
cimeliarcha_noun	0
cinemateum_noun	0
cinematographeum_noun	0
circen_noun	0
circuitus_noun	0
circumitus_noun	0
circumlatitius_adj	0
circumtonsus_adj	0
citatus_noun	-0.5
citocaciom_noun	0
citocacium_noun	0
ciuicus_adj	0.5
ciuilis_adj	0.5
ciuilitas_noun	0.5
ciuis_noun	0.5
ciuitas_noun	0.5
clamorosus_adj	-0.5
clandestinus_adj	-0.5
claredo_noun	0.5
clarissimatus_noun	0.5
claritas_noun	0.5
claritudo_noun	0.5
clarus_adj	0.5
clauditas_noun	-0.5
claudus_adj	-0.5
clepta_noun	-1
cleptes_noun	-1
cliuos_noun	0
cliuus_noun	0
cloaca_noun	0
clodus_adj	-0.5
cluaca_noun	0
cludus_adj	-0.5
coactile_noun	0
coadjutor_noun	0.5
coaequalis_noun	0
coagmentarius_noun	0
coccio_noun	0
coccymelom_noun	0
coccymelum_noun	0
cocetum_noun	0
cocionatura_noun	0
coctio_noun	0
coeles_adj	1
coelum_noun	0.5
coenosus_adj	-1
coeptom_noun	0
coeptum_noun	0
cognitio_noun	0.5
coiunx_noun	-0.5
collator_noun	0
colletis_noun	0
colligatio_noun	0
colonarius_adj	0
colonus_noun	0
color_noun	0
coloratilis_adj	0
colos_noun	0
colpa_noun	-1
columba_noun	0
columbar_noun	0
columbare_noun	0
columbarius_adj	0
columis_adj	0.5
columpna_noun	0
combustio_noun	0
comis_adj	1
comitas_noun	1
comitiae_noun	1
comitium_noun	0.5
commemoramentom_noun	0
commemoramentum_noun	0
commictilis_adj	-1
comminatiuus_adj	-1
commoditas_noun	0.5
commodus_adj	0.5
commoinis_adj	0
communalis_adj	0
commune_noun	0
communis_adj	0
communitas_noun	0
comoedia_noun	0
comoedicus_adj	0
compages_noun	0.5
compar_noun	0
comparatio_noun	0
compilatio_noun	-1
complementom_noun	0
complexus_noun	0
compressor_noun	-1
computator_noun	0
conbustio_noun	0
conclamatus_adj	0.5
conclusio_noun	0
concordis_adj	1
concorditas_noun	1
concors_adj	1
concretum_noun	0
concupiens_adj	-0.5
condicio_noun	0
conditio_noun	0
conductom_noun	0
conductum_noun	0
conea_noun	0
confectoriom_noun	0
confectorium_noun	0
confessionale_noun	0
confiscator_noun	0
confortatio_noun	1
confusus_adj	-0.5
coniom_noun	0
coniugalis_adj	-0.5
conium_noun	0
coniunx_noun	-0.5
conjectatio_noun	0
conlator_noun	0
conligatio_noun	0
conmemoramentum_noun	0
conmune_noun	0
connubiom_noun	0.5
connubium_noun	0.5
conpages_noun	0.5
conparatio_noun	0
conpilatio_noun	-1
conplementum_noun	0
conplexus_noun	0
conpressor_noun	-1
conputator_noun	0
conquestus_noun	-1
conquisitus_adj	-0.5
conreptio_noun	-0.5
conruptio_noun	-1
consanguineus_adj	0
conscia_noun	-0.5
conscriptio_noun	0
consequens_adj	0
considerantia_noun	0
consiliarius_adj	0.5
consiliom_noun	0.5
consilium_noun	0.5
consol_noun	0.5
consonus_adj	1
consors_noun	1
conspicuus_adj	1
constructio_noun	0
constuprator_noun	-1
consucidus_adj	0
consul_noun	0.5
consularis_adj	0.5
consultus_adj	1
contentus_adj	0.5
contignatio_noun	0
continnatus_adj	0
contrajuris_adj	-1
controuersiosus_adj	-1
contubernalis_noun	0.5
contumacia_noun	-1
contumax_adj	-1
conuentus_noun	0
conuersa_noun	0
cooperatio_noun	0.5
cooperatiuus_adj	1
copia_noun	0.5
copiarius_noun	0.5
cops_adj	0.5
coquos_noun	0
coquus_noun	0
corporalis_adj	0
corporatus_adj	0
corporeus_adj	0
corpulentus_adj	-0.5
corpus_noun	0
correptio_noun	-0.5
correspondentia_noun	0
corruptio_noun	-1
corytos_noun	0
cosmis_adj	1
crambe_noun	0
crapulatus_adj	-1
creatio_noun	0.5
cremiom_noun	0
creper_adj	-1
crepido_noun	0
crepitacillom_noun	0
crepitacillum_noun	0
crepulus_adj	0
crimen_noun	-1
criminalis_adj	-1
crisimus_adj	0
crocinus_adj	0
cubans_adj	0
culpa_noun	-1
cultrix_noun	0
cumulatus_adj	0.5
cunctalis_adj	0
cunctus_adj	0
cupidinarii_noun	-0.5
cupido_noun	-0.5
curatura_noun	0.5
curculiunculus_noun	-0.5
curia_noun	-1
curuatio_noun	0
curuatus_adj	0
cuticula_noun	0
cutis_noun	0
cyprinus_noun	0
debil_adj	-1
debilis_adj	-1
debilitas_noun	-1
deceptio_noun	-1
decidiculum_noun	0
declamatorius_adj	0
dedecorosus_adj	-1
dedecus_noun	-1
defatigatio_noun	-1
defectibilitas_noun	-0.5
defectio_noun	-1
defensator_noun	0
defenstrix_noun	0
defetigatio_noun	-1
deflexus_noun	0
deinus_adj	0.5
deitas_noun	0
dejunctus_adj	0
delatura_noun	-1
delictum_noun	-1
delumbis_adj	-0.5
demens_adj	-1
demissus_adj	-1
denominatio_noun	0
denotatio_noun	-1
depactio_noun	0
depectio_noun	0
deprecator_noun	0.5
depuratio_noun	0.5
deridiculom_noun	-1
deridiculum_noun	-1
derisio_noun	-1
desiderabilis_adj	0.5
desponsatio_noun	0
destinatarius_noun	0
destinatio_noun	-1
detectio_noun	0.5
detractio_noun	-0.5
deuersoriom_noun	0
deuorsorium_noun	0
deus_noun	0
dextera_noun	0
dextra_noun	0
dextrale_noun	0
diabathrarius_noun	0
diabathrom_noun	0
diabathrum_noun	0
diaes_noun	0
diagramma_noun	0
dialis_adj	0
diaphragma_noun	0
diarium_noun	0
dictatura_noun	0
dictum_noun	0
dies_noun	0
difficilis_adj	-0.5
difficultas_noun	-0.5
dignitas_noun	1
dignus_adj	1
dilapsio_noun	-1
diligentia_noun	0.5
dionysonymphas_noun	0
dirutio_noun	-1
disciplina_noun	0
discrimen_noun	-1
discriptio_noun	0
discumbens_noun	0
disidium_noun	-1
dissidiom_noun	-1
dissidium_noun	-1
dissimulator_noun	-1
dissolutus_adj	-0.5
dissonus_adj	-1
distans_adj	0
distinctus_adj	0.5
diualiis_adj	1
diuersitas_noun	-0.5
diues_adj	0.5
diuinitas_noun	0.5
diuinus_adj	0.5
diuitiae_noun	0.5
diurnus_adj	0
diuus_adj	0
docimen_noun	0
docimentom_noun	0
doctor_noun	0.5
doctrina_noun	0
documen_noun	0
documentum_noun	0
dolor_noun	-1
domesticus_adj	0
dominatio_noun	0
dominatrix_noun	0
domus_noun	0
drama_noun	0
dramaticos_adj	0
dubietas_noun	-0.5
dubitabilis_adj	-0.5
dubius_adj	-0.5
ducalis_adj	0.5
duchissa_noun	0
ducissa_noun	0
duenos_adj	1
dulcedo_noun	0.5
dulciarius_adj	0.5
dulcis_adj	0.5
dulcitas_noun	0.5
dulcitudo_noun	0.5
dunus_adj	1
duonus_adj	1
duplex_adj	0
duplicaris_adj	0
duplicarius_adj	0
duplicitas_noun	-1
durateus_adj	0
duritas_noun	-0.5
duritia_noun	-0.5
durities_noun	-0.5
duritudo_noun	-0.5
duriusculus_adj	-0.5
durum_noun	-1
durus_adj	-0.5
dux_noun	0.5
ebriacus_adj	-0.5
ebrius_adj	-0.5
ecfluxus_adj	0
edera_noun	0
editus_adj	0.5
efficacia_noun	1
efficax_adj	1
effigies_noun	0
effluxus_adj	0
egregius_adj	0
eileton_noun	0
elaboratio_noun	-0.5
elapsus_noun	0
electus_adj	0.5
emissariom_noun	0
emissarium_noun	0
epicus_adj	0
epigrammatum_noun	0
epos_noun	0
eq_noun	0
eques_noun	0
equitatus_adj	0
eritudo_noun	0
erro_noun	0
erroneus_adj	0
erus_noun	0
essentia_noun	0
essentialis_adj	0
etas_noun	0
eternus_adj	0
ethologus_noun	0
euentom_noun	0
euentum_noun	0
eugeneus_adj	0.5
eugenius_adj	0.5
euolutio_noun	0
exagoga_noun	0
exagoge_noun	0
exanimalis_adj	-1
exasperatio_noun	-0.5
excelsitas_noun	1
excelsus_adj	1
excidiom_noun	-1
excidium_noun	-1
exclamatio_noun	0
excors_adj	-1
excusatio_noun	0.5
execrabilis_adj	-1
exemplar_noun	0
exemplare_noun	0
exemplum_noun	0
exempoator_noun	1
exequialis_adj	-0.5
exercitualis_adj	0
exercitus_noun	0
exhalatio_noun	-0.5
exhaustus_adj	-0.5
exhonoratio_noun	-1
exiguitas_noun	0.5
exiguus_adj	0
exilis_adj	0
exilium_noun	-1
eximietas_noun	1
eximius_adj	1
exinanitio_noun	-0.5
exploratus_adj	0
expugnatio_noun	1
exquaesitor_noun	0
exsecrabilis_adj	-1
exsemplar_noun	0
exsemplare_noun	0
exsequiae_noun	-0.5
exsequialis_adj	-0.5
exsistimatio_noun	0.5
exspes_noun	-1
exstremom_noun	0
exsul_noun	-1
exsuperantia_noun	0.5
exter_adj	0
externus_adj	0
exterus_adj	0
extimom_noun	0
extimum_noun	0
extremitas_noun	0
extremum_noun	0
extritio_noun	-1
exul_noun	-1
exularis_adj	-1
exuperantia_noun	0.5
faber_noun	0
fabrica_noun	0
fabula_noun	0
fabularis_adj	0
facetia_noun	0
facetus_adj	0
facialia_noun	0
facies_noun	0
facilis_adj	0.5
facilitas_noun	0.5
facinerosus_adj	-1
facinorosus_adj	-1
facinus_noun	-1
factio_noun	0.5
factom_noun	-1
factum_noun	-1
facultas_noun	0.5
faeceus_adj	-1
faeles_noun	0
faetor_noun	-1
faex_noun	-1
falsilocus_adj	-1
falsiloquium_noun	-1
falsiloquus_adj	-1
falsus_adj	-1
familiaris_noun	1
far_noun	0
farmacopola_noun	0
farraceus_adj	0
farrarius_adj	0
farratus_adj	0
farreatus_adj	0
farreus_adj	0
farricus_adj	0
fascisticus_adj	-1
fatalis_adj	0
fatalitas_noun	0
fatibula_noun	0
fatum_noun	0
fatuus_noun	-0.5
faustitas_noun	1
faustus_adj	1
felicitas_noun	1
felis_noun	0
felix_adj	1
felixs_adj	1
felo_noun	-1
femina_noun	0
feminal_noun	-0.5
femineus_adj	-0.5
ferocitas_noun	-1
ferox_adj	-1
ferrugineus_adj	0
ferruginus_adj	0
ferrugo_noun	0
feruidus_adj	-0.5
fidelitas_noun	1
fides_noun	1
fidis_noun	1
fiducia_noun	0.5
filietas_noun	0
filius_noun	0
finalis_adj	0
finis_noun	0
flabilis_adj	0
flagitiom_noun	-1
flagitium_noun	-1
flauens_adj	0
flexanimus_adj	0
flexibilis_adj	0
flexibilitas_noun	0
fluctio_noun	0
fluctus_noun	0
fluentum_noun	0
focacius_adj	0
focaris_adj	0
focarius_adj	0
focus_noun	0
fodorus_noun	0
foeditas_noun	-1
foedus_adj	-1
foemina_noun	-0.5
foetor_noun	-1
forma_noun	1
formidabilis_adj	-1
formonsulus_adj	0.5
formosulus_adj	0.5
formosus_adj	1
fornacalis_adj	0
fornacarius_adj	0
fornax_noun	0
fornicatio_noun	-1
fors_noun	0
fortis_adj	0.5
fortitas_noun	0.5
fortitudo_noun	0.5
fortuna_noun	0
fortunatus_adj	1
fortuniom_noun	1
fortunium_noun	1
fostis_noun	-1
frater_noun	0
fraternus_adj	0
fratrabilis_adj	0
fratria_noun	0
frugi_adj	1
frutex_noun	0
fruticetom_noun	0
fruticetum_noun	0
fuga_noun	-0.5
fugium_noun	-0.5
fulchrom_noun	0
fulcrum_noun	0
fundaitor_noun	0
fundus_noun	0
funebris_adj	-0.5
furnaceus_adj	0
furnax_noun	0
furor_noun	-1
furtiuus_adj	-1
furtom_noun	-1
furtum_noun	-1
futilitas_noun	-1
futtilis_adj	-1
futtilitas_noun	-1
galetta_noun	0
gaudium_noun	1
gelda_noun	0
gemellus_adj	0
generalis_adj	0
genitalicii_noun	0
genitalis_adj	0
genitus_noun	0
gens_noun	0
genticus_adj	0.5
gentilis_adj	0.5
genuale_noun	0
genus_noun	0
glomerarius_noun	0
glomus_noun	0
gloria_noun	0
glorificus_adj	1
gnobilis_adj	1
gorytus_noun	0
gradus_noun	0
grandis_adj	0
grates_noun	1
gratia_noun	1
gratuitus_adj	0.5
gratus_adj	1
grauedo_noun	-0.5
grauiditas_noun	0
grauidus_adj	0
grauis_adj	-0.5
grauitas_noun	-0.5
grauitudo_noun	-0.5
gremiom_noun	0
gremium_noun	0
gressus_noun	0
grossitas_noun	-0.5
grossitudo_noun	-0.5
grossus_adj	-0.5
hagios_adj	1
harenosus_adj	0
hebes_adj	-0.5
hebetudo_noun	-0.5
hedera_noun	0
hederaceus_adj	0
hederatus_adj	0
helluo_noun	0
hemonus_adj	0
herus_noun	0
heth_noun	0
hilaritas_noun	1
hinnuleus_noun	0
hira_noun	0
hirsutus_adj	-0.5
hirtus_adj	-0.5
hispidus_adj	-0.5
hiulcus_adj	-0.5
homicida_noun	-1
homicidalis_adj	-1
homicidium_noun	-1
homo_noun	0
honestas_noun	1
honestitas_noun	1
honestitudo_noun	1
honestus_adj	1
honor_noun	1
honorarius_adj	0
honorificentia_noun	1
honos_noun	1
honustus_adj	-0.5
horridus_adj	-1
hortamen_noun	0.5
hospita_noun	0.5
hosticus_adj	-1
hostilis_adj	-1
hostis_noun	-1
humanitas_noun	0
humanus_adj	0
hyacinthinus_adj	0
iacinthinus_adj	0
ichnographia_noun	0
idea_noun	0
idealis_adj	0
igneus_adj	0
igniarius_adj	0
ignicans_adj	0
ignis_noun	0
ignobilis_adj	-1
ignobilitas_noun	-1
ignominia_noun	0
ignorantia_noun	0
ignoratio_noun	-0.5
ignotus_adj	-0.5
ile_noun	0
illaetabilis_adj	-1
illautus_adj	-0.5
illegalis_adj	-1
illex_adj	-0.5
illocalis_adj	0
illutus_adj	-0.5
imbonitas_noun	-1
immanis_adj	0
immanitas_noun	-1
immediatus_adj	0
immedicabilis_adj	-0.5
immemoratio_noun	-0.5
immensus_adj	0
immoderatus_adj	-1
immortalis_adj	0.5
immortalis_noun	0.5
immortalitas_noun	0.5
immunditas_noun	-1
immunditia_noun	-1
immundities_noun	-1
immundus_adj	-0.5
impaciencia_noun	-1
impar_adj	-0.5
imparitas_noun	-0.5
impassibilis_adj	-0.5
impassibilitas_noun	-0.5
impeiriom_noun	0
imperator_noun	0.5
imperfectio_noun	-0.5
imperialis_adj	0
imperiom_noun	0
imperium_noun	0
impersonalis_adj	0
impius_adj	-1
implanus_adj	0
improbitas_noun	-1
improbulus_adj	-0.5
improbus_adj	-1
improcerus_adj	-0.5
improlis_adj	0
improlus_adj	0
improportionabilis_adj	-0.5
improprietas_noun	0
improprius_adj	0
impuritas_noun	-1
impuritia_noun	-1
impurus_adj	-1
imputatio_noun	-0.5
imputribilis_adj	1
inabsolutus_adj	-0.5
inabstinentia_noun	-1
inaequabilis_adj	0
inaequalis_adj	-0.5
inaequus_adj	-0.5
inanimis_adj	-0.5
inanimus_adj	-0.5
inartificialis_adj	0
inauarus_adj	1
incapax_adj	0
incassus_adj	1
inceptio_noun	0
incertitudo_noun	-0.5
incertus_adj	-0.5
inciuilis_adj	-0.5
inciuilitas_noun	-0.5
inclarus_adj	-0.5
inclinatus_adj	0
inclitus_adj	1
inclutus_adj	0.5
inclytus_adj	1
incolomis_adj	1
incolor_adj	0
incolumis_adj	-0.5
incolumitas_noun	-0.5
incomis_adj	-1
incommodesticus_adj	-0.5
incommoditas_noun	-0.5
incommodus_adj	-0.5
incommunis_adj	0
inconcessus_adj	0
incongruitas_noun	-1
incongruus_adj	-1
inconsonus_adj	-1
inconspicuus_adj	-1
incontumacia_noun	1
incorporalis_adj	0
incorporeus_adj	0
incorruptio_noun	1
incuria_noun	1
incuriosus_adj	0.5
incursus_noun	-1
indagator_noun	0
indagatus_noun	0
indecor_adj	-1
indecoris_adj	-1
indeficiens_adj	0
indigena_noun	0
indignitas_noun	-1
indignus_adj	-1
indiligens_adj	-1
indiligentia_noun	-1
indispositus_adj	-0.5
indolorius_adj	1
indubitabilis_adj	0.5
indubius_adj	0.5
indupeditus_adj	-0.5
inefficax_adj	-1
inermis_adj	0
inermus_adj	0
iners_adj	0
inertia_noun	0
inexcusabilis_adj	-0.5
inexhaustus_adj	0.5
infans_adj	-0.5
infans_noun	0
infaustus_adj	-1
infelicitas_noun	-1
infelix_adj	-1
infimitas_noun	0
infimus_adj	0
infinis_adj	0
infinitas_noun	0
infirmis_adj	-1
inflabilis_adj	0
inflexibilis_adj	0
informis_adj	-1
informitas_noun	-1
infumus_adj	0
ingenium_noun	0.5
ingens_adj	-0.5
ingenuitas_noun	0.5
ingenuos_adj	0.5
ingenuus_adj	0.5
ingratia_noun	-1
ingratitudo_noun	-1
ingratus_adj	-1
inhonestas_noun	-1
inhonestus_adj	-1
inhonoris_adj	-1
inhumanatus_adj	0
inhumanitas_noun	0
inhumanus_adj	0
inimicus_noun	-1
iniocundus_adj	-1
iniquitas_noun	-1
iniquus_adj	-1
iniucunditas_noun	-1
iniucundus_adj	-1
iniuria_noun	-1
iniurius_adj	-0.5
iniustitia_noun	-1
iniustus_adj	-1
inlaetabilis_adj	-1
inlex_adj	-0.5
inmaculatus_adj	1
inmanitas_noun	-1
inmedicabilis_adj	-0.5
inmemoratio_noun	-0.5
inmoderatus_adj	-1
inmortalis_adj	0.5
inmundus_adj	-1
innocens_adj	0.5
innocuos_adj	0.5
innocuus_adj	0.5
innominis_adj	0
innoxius_adj	0.5
innuleus_noun	0
inoblitus_adj	0
inopinatus_adj	-0.5
inordinalis_adj	-0.5
inormis_adj	-0.5
inormitas_noun	-0.5
inorus_adj	0
inpar_adj	-0.5
inpassibilitas_noun	-0.5
inperfectio_noun	-0.5
inperialis_adj	0
inpius_adj	-1
inprobulus_adj	-0.5
inprobus_adj	-1
inproprius_adj	0
inpurus_adj	-1
inpuritas_noun	-1
inpuritia_noun	-1
inputatio_noun	-0.5
inputribilis_adj	1
inrationabilis_adj	-0.5
inritamen_noun	0.5
insanus_adj	-1
insapiens_adj	-1
insciens_adj	0
inscientia_noun	0
inscitia_noun	0
inscitus_adj	0
inscrutabilis_adj	0
insecundus_adj	0
insensualis_adj	-0.5
insensualitas_noun	-0.5
insigniarius_noun	0
insignis_adj	0
insignus_adj	0
insincerus_adj	-0.5
insipiens_adj	-1
insipientia_noun	-1
insolidus_adj	-0.5
insollers_adj	-1
insomnia_noun	-0.5
insomnietas_noun	-0.5
insomnis_adj	-0.5
insomnitas_noun	-0.5
insomnium_noun	0.5
inspiritalis_adj	0
instabilis_adj	-0.5
instabilitas_noun	-0.5
instructus_adj	0.5
instructus_noun	0
insuauis_adj	-1
insuauitas_noun	-1
insufficiens_adj	-1
insufficientia_noun	-1
integer_adj	0.5
integritas_noun	0.5
integritudo_noun	0.5
intellectualis_adj	0
intellectus_noun	0
intemperans_adj	-1
intemperantia_noun	-1
intemporalis_adj	0
intentionalis_adj	0
interfector_noun	-1
interfusus_adj	0
interitus_noun	-1
interminis_adj	0
interminus_adj	0
internecio_noun	-1
internicio_noun	-1
interritus_adj	0.5
interstitio_noun	0
intestinarius_adj	0
intestinus_adj	0
intortus_adj	0
intractabilis_adj	0
intrectabilis_adj	0
introductio_noun	0
intutus_adj	-0.5
inualidus_adj	-1
inualitudo_noun	-1
inueitus_adj	-0.5
inueniabilis_adj	-1
inuentor_noun	0
inuenustus_adj	-1
inuerus_adj	-0.5
inueteratus_adj	0
inuictus_adj	1
inuiolentus_adj	1
inuisibilis_adj	0
inuisibilitas_noun	0
inuitalis_adj	0
inuitus_adj	-0.5
inuius_adj	0
inuoluntarius_adj	0
inurbanus_adj	-0.5
inusitatus_adj	-0.5
inutilis_adj	-1
inutilitas_noun	-1
iocondus_adj	1
iocularius_adj	0.5
ioculus_noun	0.5
ioudex_noun	0.5
ioudiciom_noun	0.5
ious_noun	0.5
ira_noun	-1
irascibilis_adj	-1
iratus_adj	-1
irrationabilis_adj	-0.5
irreligio_noun	-1
irritamen_noun	0.5
iter_noun	0
itiner_noun	0
itineralis_adj	0
itinerarius_adj	0
iucunditas_noun	1
iucunditudo_noun	1
iucundus_adj	1
iudex_noun	0.5
iudicatus_noun	0.5
iudicialis_adj	0.5
iudiciarius_adj	0.5
iudiciom_noun	0.5
iudicium_noun	0.5
ius_noun	0.5
iustitia_noun	1
iustitiale_noun	-1
iustitiom_noun	-1
iustitium_noun	-1
iustus_adj	1
iuuenca_noun	0
jocundiatas_noun	1
jucundus_adj	1
judex_noun	0
juridicus_noun	0
kausa_noun	0
kaussa_noun	0
labor_noun	-0.5
labos_noun	-0.5
laccatus_adj	0
laccus_noun	0
laculatus_adj	0
lacuna_noun	0
lacus_noun	0
laetatio_noun	1
laetitas_noun	1
laetitia_noun	1
laetities_noun	1
laetitudo_noun	1
laetus_adj	1
laeuos_adj	-1
laeuus_adj	-1
lancinatio_noun	-1
languidulus_adj	-0.5
lanterna_noun	0
lanternarius_noun	0
lardom_noun	0
lardum_noun	0
lasarpiciom_noun	0
laserpiciarius_adj	0
laserpiciatus_adj	0
laserpicium_noun	0
laterna_noun	0
lecio_noun	0
lectica_noun	0
lecticarius_noun	0
lectus_noun	0
legalis_adj	0.5
legarium_noun	0.5
legatus_noun	0
legio_noun	0
legionarius_adj	0
leiber_adj	0.5
letum_noun	-1
leuidensis_adj	0
leuigatus_adj	0
leuis_adj	0
leuitas_noun	0
leuitudo_noun	0
lex_noun	0.5
lexs_noun	0.5
libella_noun	0
liber_adj	0.5
libertas_noun	0.5
libertinus_noun	0.5
libertus_noun	0.5
libido_noun	-0.5
lien_noun	-1
lienicus_adj	-1
lienis_noun	-1
ligneolus_adj	0
limes_noun	0
limonata_noun	0
linteolom_noun	0
linteolum_noun	0
liquamen_noun	0
liquaminarius_noun	0
liquaminatus_adj	0
litigatus_noun	-0.5
litigiom_noun	-0.5
litigium_noun	-0.5
littera_noun	0
liuor_noun	-0.5
localis_adj	0
locarius_adj	0
locus_noun	0
longarius_adj	0
longitia_noun	0
longitudo_noun	0
longus_adj	0
luctus_noun	-1
luculentas_noun	1
luculentia_noun	1
luculentitas_noun	1
luculentus_adj	1
luridatus_adj	-1
luridus_adj	-1
lympha_noun	0
lymphatus_adj	-1
lyra_noun	0
lyricus_adj	0
macister_noun	0.5
maerens_adj	-1
maeror_noun	-1
maestificus_adj	-1
maestitia_noun	-1
magister_noun	0.5
magistralis_adj	0.5
magistratus_noun	0.5
magnalia_noun	0
magnarii_noun	0
magnarius_adj	0
magnates_noun	0
magnatus_noun	0
magnificus_adj	0
magnitas_noun	0
magnities_noun	0
magnitudo_noun	0
magnus_adj	0
maleficiom_noun	-1
maleficium_noun	-1
maleficus_adj	-1
maleuolentia_noun	-1
malignans_adj	-1
malitas_noun	-1
malitia_noun	-1
malities_noun	-1
maliuolentia_noun	-1
malom_noun	-1
malum_noun	-1
malus_adj	-1
manga_noun	0
manica_noun	0
manuale_noun	0
manuarius_adj	0
manuatus_adj	0
manus_noun	0
manzerinus_noun	-1
marca_noun	0
marcha_noun	0
mare_noun	0
marita_noun	-0.5
maritus_noun	0
marmus_adj	0
mas_noun	0
mater_noun	0
materia_noun	0
materialis_adj	0
materiarius_adj	0
matratus_noun	0
matrona_noun	-0.5
matronalis_adj	-0.5
matronatus_noun	-0.5
mazer_noun	-0.5
mazza_noun	0
measurabilis_adj	0
meatus_noun	0
medialis_adj	0
medianus_adj	0
mediatus_adj	0
medicamentarius_adj	0
medicamentom_noun	0
medicamentum_noun	0
medicina_noun	0
medietas_noun	0
mediocris_adj	0
medius_adj	0
medius_noun	0
meiles_noun	0
melota_noun	0
melote_noun	0
memoriola_noun	0
mens_noun	0.5
mensa_noun	0
mensalis_adj	0
mensarius_adj	0
mensor_noun	0
mensula_noun	0
mensularius_noun	0
mercatus_noun	0
meritom_noun	1
meritum_noun	1
meritus_adj	1
messor_noun	0
metus_noun	-1
meus_adj	0
miles_noun	0
militans_noun	0
militaris_adj	0
militarius_adj	0
militia_noun	0
milities_noun	0
milito_noun	0
minutus_adj	0
mirus_adj	1
misellus_adj	-1
miser_adj	-1
miseria_noun	-1
miseritudo_noun	-1
miserus_adj	-1
mixus_noun	0
moderamen_noun	0
modicus_noun	0
modificatus_adj	0
moestitudo_noun	-1
momentum_noun	0
monile_noun	0
monstrom_noun	0.5
monstrositas_noun	-1
monstrosus_adj	-1
monstrum_noun	0.5
monstruosus_adj	-1
moralis_adj	0.5
moratus_adj	0.5
mordicatio_noun	0
mors_noun	-1
mortalis_adj	-1
mortarium_noun	-1
morus_adj	-1
mos_noun	0.5
mulier_noun	0
mulierarius_adj	0
mulieritas_noun	0
multicius_adj	0
multitudo_noun	0
multus_adj	0
mundalis_adj	1
munditia_noun	1
mundities_noun	0.5
mundus_adj	1
munitio_noun	-0.5
musteus_adj	0
mustum_noun	0
mutilus_adj	-0.5
mythicos_adj	0
myxus_noun	0
nabis_noun	0
narratio_noun	0
natio_noun	0
natura_noun	0
naturabilis_adj	0
naturale_noun	0
naturalis_adj	0
nauale_noun	0
naualis_adj	0
naufragus_adj	-0.5
nauifragus_adj	-0.5
nauis_noun	0
nauium_noun	0
necessarius_adj	0
necesse_adj	0.5
necesse_noun	0
necessis_adj	0
necopinans_noun	-0.5
necopmus_adj	-0.5
necrocomium_noun	-1
necrologia_noun	-1
nefarius_adj	-1
nefas_noun	-1
negligentia_noun	-0.5
negotiatio_noun	0
negotium_noun	-0.5
nemo_adj	-0.5
nepa_noun	0
nepos_noun	0
nepotalis_adj	0
nepotatus_noun	0
nequam_adj	-1
nequam_noun	-1
nequitia_noun	-1
nidificus_adj	0
nitiditas_noun	0.5
nitidus_adj	0.5
nobilis_adj	1
nobilitas_noun	1
noctans_adj	0
nocumentom_noun	-0.5
nocumentum_noun	-0.5
noicius_adj	0
nomen_noun	0
nominalis_adj	0
nominarii_noun	0
norma_noun	0.5
normalis_adj	0.5
notatio_noun	0
nothus_adj	0
notus_adj	0
noualis_adj	0.5
nouicius_adj	0
nouitas_noun	0
nouus_adj	0.5
nouus_noun	1
nox_noun	0
noxa_noun	-1
noxalis_adj	-1
noxia_noun	-1
nucleus_noun	0
nuculeus_noun	0
nuditas_noun	0
nudus_adj	0
numerarius_noun	0
nummischedula_noun	0
obesitas_noun	-0.5
obessus_adj	-0.5
obesus_adj	-0.5
objectiuus_adj	0
obligatio_noun	0
obliterus_adj	-1
oblitterus_adj	-1
obprobiom_noun	-1
obscaenitas_noun	-1
obseruantia_noun	0
obsoletus_adj	-0.5
obstaculom_noun	-0.5
obstaculum_noun	-0.5
obstinatio_noun	-1
obstipus_adj	-0.5
obuersus_noun	0
obuius_adj	-0.5
occasio_noun	0.5
occisio_noun	-1
oclus_noun	0
oculare_noun	0
ocularis_adj	0
ocularius_adj	0
oculatus_adj	0
oculeus_adj	0
oculus_noun	0
odontalgia_noun	0
odor_noun	0
odoratus_noun	0
oesopom_noun	0
oesypum_noun	0
offensa_noun	-1
offirmatus_adj	1
oitilis_adj	1
oleamentum_noun	0
olearis_adj	0
olearius_adj	0
oleatus_adj	0
oleom_noun	0
oleosus_adj	0
oleum_noun	0
ominosus_adj	-1
onustus_adj	-0.5
opera_noun	-0.5
opilio_noun	0
opinio_noun	0
opitimus_adj	1
opos_noun	0.5
opportunitas_noun	0.5
opprobrium_noun	-1
opscenitas_noun	-1
opseruantia_noun	0
optimisticus_adj	1
optumus_adj	1
opus_noun	0.5
orarium_noun	0
orbitas_noun	-0.5
orbitudo_noun	-0.5
orbus_adj	-0.5
ordinalis_adj	0.5
ordinarius_adj	0.5
ordo_noun	0.5
orexis_noun	-1
orfanus_noun	-0.5
organalis_adj	0
organarius_noun	0
organicus_adj	0
organicus_noun	0
organom_noun	0
organum_noun	0
orphanitas_noun	-0.5
orphanus_noun	-0.5
orthodoxus_adj	1
os_noun	0
osculom_noun	0
osculum_noun	0
osseus_adj	0
ossuarius_adj	0
otium_noun	0.5
ouuius_adj	-0.5
oxor_noun	-0.5
pacatus_adj	0.5
pallidulus_adj	-0.5
pannositas_noun	-0.5
pannosus_adj	-0.5
pannuceatus_adj	-0.5
pannuceus_adj	-0.5
pannucius_adj	-0.5
pannum_noun	-0.5
pannus_noun	-0.5
par_adj	0.5
parabola_noun	0
parabole_noun	0
parabolicus_adj	0
paracletus_noun	1
paratus_adj	0.5
parens_adj	0.5
paris_adj	0.5
paritas_noun	0.5
pars_noun	0
partialis_adj	0
partiarius_adj	0
partilis_adj	0
paruitas_noun	0
paruus_adj	0
pater_noun	0
patratus_noun	0
patricius_adj	0
patricus_adj	0
patritus_adj	0
patrius_adj	0
paucitas_noun	-0.5
paucus_adj	0
paullom_noun	0
paullum_noun	0
pax_noun	0.5
peccator_noun	-1
peccatorius_adj	-1
pecten_noun	0
pectinarius_adj	0
pectinatus_adj	0
pedalis_adj	0
pedarii_noun	0
pedarius_adj	0
pedatus_adj	0
pedica_noun	0
pedicus_adj	0
pedis_noun	0
pelagius_adj	0
pellarius_adj	0
pelleatus_adj	0
pelleus_adj	0
pellicius_adj	0
pellis_noun	0
pellitus_adj	0
peraccommodatus_adj	1
percautus_adj	1
perciuilis_adj	1
percomis_adj	1
percontatio_noun	0
percunctatio_noun	0
percussor_noun	-1
perdelirus_adj	-1
pereruditus_adj	1
perfuga_noun	-1
perfugium_noun	-1
pergrandis_adj	0
periclom_noun	-1
periculom_noun	-1
periculosus_adj	-1
periculum_noun	-1
periitia_noun	-1
perist√Ωlium_noun	0
permediocris_adj	-0.5
permissus_noun	0
permistio_noun	0
permitialis_adj	-1
permities_noun	-1
permixtio_noun	0
pernicies_noun	-1
pernities_noun	-1
perpetoalis_adj	0
perpetualis_adj	0
perpetuum_noun	0
persecutio_noun	0
persona_noun	0
personalis_adj	0
personarius_noun	0
personatiuus_adj	0
personatus_adj	0
persuasibilis_adj	0.5
pertinacia_noun	-1
perturpis_adj	-1
pes_noun	0
petulans_adj	-0.5
petulantia_noun	-0.5
phantasia_noun	0
pharmacopola_noun	0
philius_noun	0
philologia_noun	0
philologus_adj	0
photographia_noun	0
phthongus_noun	0
physiologicus_adj	0
physiologus_noun	0
picaria_noun	0
picarius_noun	0
picatus_adj	0
piceus_adj	0
pietas_noun	1
piisimus_adj	0.5
pinalis_adj	0
pinetum_noun	0
pineus_adj	0
pinus_noun	0
pix_noun	0
plaga_noun	0
planicies_noun	0
planities_noun	0
planus_adj	0
plebecula_noun	-0.5
plebicula_noun	-0.5
plebs_noun	0
plenarius_adj	0.5
plenitas_noun	0
plenitudo_noun	0
plenus_adj	0
plerique_adj	0
pleuina_noun	0
pluuiosus_adj	0
poblicus_adj	0
poeta_noun	0
poetes_noun	0
poeticus_adj	0
polcer_adj	1
pollex_noun	0
pollicaris_adj	0
pompa_noun	0.5
pompaticus_adj	0.5
pompatus_adj	0.5
pontus_noun	0
popolus_noun	0
populabundus_adj	-0.5
populacius_adj	0
popularis_adj	0
populetum_noun	0
populeus_adj	0
populus_noun	0
porculus_noun	0
portio_noun	0
positio_noun	0
posterior_adj	0
posteritas_noun	0
posterius_adj	0
posterus_adj	0
postprincipia_noun	0
postulatus_noun	0
pote_adj	0
potens_adj	1
potestas_noun	0.5
potis_adj	0
pouer_noun	0
praecalidus_adj	0
praecipuus_adj	0
praedium_noun	0
praedulcis_adj	1
praefractus_adj	1
praejudicium_noun	0
praemonitus_noun	0
praerapidus_adj	1
praerogatiua_noun	0
praesens_adj	0
praesuppositio_noun	0
praetor_noun	0.5
precarius_adj	0
preimus_adj	0.5
prex_noun	0
primanus_adj	0.5
primatus_noun	0.5
primitiae_noun	0.5
primus_adj	0.5
princeps_noun	0.5
prior_adj	0.5
prioratus_noun	0.5
priscus_adj	0
pristinus_adj	0
problema_noun	0
problematicus_adj	-0.5
probus_adj	1
procerus_adj	0.5
proditrix_noun	-1
productum_noun	0
progenies_noun	0
prohemiom_noun	0
prohoemium_noun	0
proles_noun	0
promontoriom_noun	0
promontorium_noun	0
propago_noun	0
properatus_adj	0
prophylacticus_adj	0.5
propicius_adj	1
propinquitas_noun	0
propinquus_adj	0
propior_adj	0
propitius_adj	1
proprietas_noun	0
proprius_adj	0
prosapia_noun	0
prosper_adj	1
prosperitas_noun	1
prosperus_adj	1
prosthesis_noun	0
proteruitas_noun	-0.5
proteruus_adj	-0.5
prothesis_noun	0
prouectus_adj	0
prouerbialis_adj	0
prouerbiom_noun	0
prouerbium_noun	0
prouincia_noun	0
prouincialis_adj	0
pthongus_noun	0
publicus_adj	0
puer_noun	0
puerarius_noun	0
puerilis_adj	0
pueritas_noun	0
pueritia_noun	0
puerities_noun	0
pulcher_adj	1
pulchralia_noun	1
pulchritas_noun	1
pulchritudo_noun	1
pulicarius_adj	-0.5
punctum_noun	0
purgatio_noun	0.5
puritas_noun	1
puritia_noun	1
purus_adj	1
pusillitas_noun	0
pusillus_adj	0
puter_adj	-1
putris_adj	-1
pyramis_noun	0
pyrobolus_noun	0
quaerella_noun	-1
quartanus_adj	0
quartarius_adj	0
quartus_adj	0
querella_noun	-1
quisquilia_noun	-0.5
rabiosulus_adj	-0.5
rabo_noun	0
radicalis_adj	0
radioactiuus_adj	-1
radix_noun	0
rapacida_noun	-0.5
rasoriom_noun	0
rasorium_noun	0
rassismus_noun	-1
rationalis_noun	0
recens_adj	0
recentarius_noun	0
reclamatio_noun	0
rectus_adj	1
redimiculom_noun	0
redimiculum_noun	0
refugiom_noun	0.5
refugium_noun	0.5
regalis_adj	0
regio_noun	0
regius_adj	0
regnom_noun	0
regnum_noun	0
regulus_noun	-0.5
religio_noun	1
reliquia_noun	0
reliquus_adj	0
remedium_noun	0
repertom_noun	0
repertor_noun	0
repertum_noun	0
repositus_adj	0
repostus_adj	0
reprehensio_noun	-0.5
reprensio_noun	-0.5
repulsus_noun	-0.5
res_noun	0
responsabilitas_noun	0
respublica_noun	0.5
rete_noun	0
retialis_adj	0
retiarius_noun	0
retiatus_adj	0
reuerendus_adj	1
rex_noun	0
rhythmicus_adj	0
rhythmos_noun	0
rhythmus_noun	0
risus_noun	0
romanus_adj	0
rudimentom_noun	0
rudimentum_noun	0
rus_noun	0
ruta_noun	0
rutaceus_adj	0
rutarius_adj	0
rutatus_adj	0
saburra_noun	0
saburralis_adj	0
saburrarius_noun	0
saccarius_adj	0
saccatom_noun	0
saccatum_noun	0
sacceus_adj	0
saccus_noun	0
sacer_adj	1
sacrabilis_adj	1
saeuitas_noun	-1
saeuitia_noun	-1
saeuities_noun	-1
saeuus_adj	-1
saltatio_noun	0
saluia_noun	1
salus_noun	1
salutaris_adj	1
saluus_adj	1
sanctuariom_noun	0.5
sanctuarium_noun	0.5
sanctus_adj	0.5
sanctus_noun	1
sanguinans_adj	-1
sanitas_noun	1
satis_adj	0.5
scafiom_noun	0
scaphium_noun	0
sceleratus_adj	-1
scelestus_adj	-1
scelio_noun	-1
scelus_noun	-1
scepticismus_noun	0
scientia_noun	0
scortillom_noun	-0.5
scortillum_noun	-0.5
scrutiniom_noun	0
scrutinium_noun	0
secretus_adj	0
sectator_noun	0
secundanus_adj	0
secundarius_adj	0
secundus_adj	0
securitas_noun	1
securus_adj	1
sedes_noun	0
sedile_noun	0
seispes_adj	1
sementeriom_noun	-0.5
sementerium_noun	-0.5
seminudus_adj	0
semotus_adj	0
senatus_noun	0.5
senecio_noun	-0.5
senectus_adj	-0.5
senectus_noun	0
senex_adj	0
senexs_adj	-0.5
senica_noun	-0.5
senilis_adj	-0.5
senium_noun	-0.5
senius_noun	-0.5
sensualis_adj	0.5
sensualitas_noun	0.5
sensus_noun	0.5
sententia_noun	0
sententialis_adj	0
sententiosus_adj	0
sequentia_noun	0
series_noun	0.5
sermocinatio_noun	0
seruilis_adj	-0.5
seruitus_noun	-0.5
seruos_noun	-0.5
seruus_noun	-0.5
sica_noun	-1
sicarius_noun	-1
signalis_adj	0
signarius_adj	0
significans_adj	0.5
signom_noun	0
signum_noun	0
simil_adj	0
similis_adj	0
similitas_noun	0
similitudo_noun	0
simulacrom_noun	0
simulacrum_noun	0
simultas_noun	-1
sinceritas_noun	0.5
sincerus_adj	0.5
singillarius_adj	0
singolus_adj	0
singularis_adj	0
singularitas_noun	0
singulus_adj	0
socius_noun	1
sodalis_noun	1
soldus_adj	0.5
soledus_adj	0.5
solemnis_adj	0
solers_adj	1
solidus_adj	0.5
solidus_noun	0
solitudo_noun	-0.5
sollemnis_adj	0
sollemnitas_noun	0
sollers_adj	1
sollertia_noun	1
solum_noun	0
solus_adj	-0.5
somnium_noun	0.5
somnus_noun	0.5
sophos_noun	1
sophus_adj	1
sophus_noun	1
sospes_adj	1
sospita_noun	1
sospitas_noun	1
specularis_adj	0
speculum_noun	0
speculus_noun	0
spelunca_noun	0
spes_noun	0.5
spiculom_noun	0
spiculum_noun	0
spirabilis_adj	0
spiritalis_adj	0
spiritualis_adj	0
spiritus_noun	0
spurcatus_adj	-0.5
spurcidicus_adj	-1
sputatilicus_adj	-1
squaliditas_noun	-1
squalidus_adj	-1
squamossus_adj	0
squamosus_adj	0
stabilis_adj	0.5
stabilitas_noun	0.5
statera_noun	0
status_noun	0
stellio_noun	-1
stellionatus_noun	-1
stereotypus_noun	-0.5
stilicidiom_noun	-0.5
stillicidiom_noun	-0.5
stillicidium_noun	-0.5
stlocus_noun	0
strenuitas_noun	1
strenuos_adj	1
strenuus_adj	1
stridulus_adj	0
studium_noun	0.5
suauis_adj	0.5
suauitudo_noun	0.5
subditicius_adj	-0.5
subdititius_adj	-0.5
subfragiom_noun	0
subinuisus_adj	-0.5
sublimis_adj	0.5
submorosus_adj	-0.5
suboles_noun	0.5
subpositicius_adj	0
subrepticius_adj	-0.5
subsidiarius_noun	0
successio_noun	0
sucophantia_noun	-1
sufficiens_adj	0
suffimentom_noun	0
suffimentum_noun	0
suffragiom_noun	0
suffragium_noun	0
suffugium_noun	-1
summorosus_adj	-0.5
superans_adj	0.5
superuacaneus_adj	-1
superuacuaneus_adj	-1
superum_noun	0.5
suppositicius_adj	0
surrepticius_adj	-0.5
suspiciosus_adj	-0.5
suspiriosus_adj	-0.5
suspiritus_noun	-0.5
susurratio_noun	0
sutura_noun	0
sycophantia_noun	-1
symposiacus_adj	0
symposion_noun	0
symposium_noun	0
syncerus_adj	0.5
syncopa_noun	0
syncope_noun	0
tabella_noun	0
tabellarius_adj	0
tabernola_noun	0
tabernula_noun	0
taciturnitas_noun	0
taciturnus_adj	0
talaris_adj	0
talarius_adj	0
talus_noun	0
tapes_noun	0
tapete_noun	0
tata_noun	0
technologia_noun	0
temperans_adj	1
temperantia_noun	1
tempestas_noun	0
temporalis_adj	0
temporarius_adj	0
tempus_noun	0
tenuiarius_adj	0
tenuis_adj	0
tenuitas_noun	0
tera_noun	0
terminus_noun	0
terra_noun	0
terralis_adj	0
terrarius_adj	0
terreus_adj	0
terrorismus_noun	-1
tertianus_adj	0
tertiarius_adj	0
tertius_adj	0
testa_noun	0
textura_noun	0
thea_noun	0
tignarius_adj	0
tignom_noun	0
tignum_noun	0
tonium_noun	0
trabalis_adj	0
trabaria_noun	0
trabea_noun	0
trabes_noun	0
trabis_noun	0
trabs_noun	0
tractus_noun	0
traenna_noun	0
transenna_noun	0
transfuga_noun	-1
transmigratio_noun	0
transpiratio_noun	0
traps_noun	0
trepiditas_noun	-1
trimatus_noun	0
trimus_adj	0
tristis_adj	-1
tristitas_noun	-1
tristitia_noun	-1
tristities_noun	-1
tristitudo_noun	-1
tritura_noun	0
triuialis_adj	0
triuium_noun	0
trochilea_noun	0
trochlea_noun	0
trochlia_noun	0
troclea_noun	0
troclia_noun	0
troculea_noun	0
tropaeom_noun	0.5
trophaeum_noun	0.5
tumiditas_noun	-0.5
tumidus_adj	-0.5
tumultuatio_noun	-0.5
turannis_noun	-1
turba_noun	0
turpedo_noun	-1
turpis_adj	-1
turpitudo_noun	-1
tussedo_noun	0
tussicus_adj	0
tussis_noun	0
tutus_adj	0.5
tuus_adj	0
uacerra_noun	0
uaciuitas_noun	0
uaciuus_adj	0
uaegrandis_adj	0
uagina_noun	0
ualiditas_noun	1
ualidus_adj	1
uallus_noun	0
uarianus_adj	0
uarietas_noun	0
uarius_adj	0
uaro_noun	-1
uarro_noun	-1
uastitas_noun	-1
uastitia_noun	-1
uastities_noun	-1
uastitudo_noun	-1
uastus_adj	-1
uaticinatio_noun	0
uea_noun	0
uegrandis_adj	0
ueiuus_adj	0
uena_noun	0
uenetom_noun	0
uenetum_noun	0
uenia_noun	1
ueniabilis_adj	1
uenialis_adj	1
uenustus_adj	1
uerbalis_adj	0
uerbom_noun	0
uerbum_noun	0
uerisimilitudo_noun	0
ueritas_noun	0.5
uerom_noun	1
uerum_noun	1
uerus_adj	0.5
uestibulom_noun	0
uestibulum_noun	0
ueter_adj	0
ueteranus_adj	0.5
ueterarius_adj	0
ueteretum_noun	0
ueternositas_noun	-0.5
ueternosus_adj	-0.5
ueternus_adj	0
uetranus_adj	0.5
uetus_adj	0
uetustas_noun	-0.5
uetustus_adj	0
uia_noun	0
uialis_adj	0
uiarius_adj	0
uicinia_noun	0
uicinitas_noun	0
uicinus_adj	0
uictoriosus_adj	1
uigens_adj	0.5
uigoratus_adj	0.5
uiolentia_noun	-1
uiolentus_adj	-1
uipera_noun	0
uiperalis_adj	0
uipereus_adj	0
uir_noun	0.5
uiracius_adj	0.5
uiratus_noun	0.5
uirilis_adj	0.5
uirtus_noun	1
uis_noun	1
uisibilis_adj	0
uisibilitas_noun	0
uita_noun	0
uitalis_adj	0
uituperatio_noun	-1
uiuarius_adj	0
uiuatus_adj	0
uiuus_adj	0
ultimus_adj	0
ultumus_adj	0
unanimis_adj	1
unda_noun	0
unianimis_adj	1
uniuersalis_adj	0
uniuersalitas_noun	0
uniuersitas_noun	0
uniuersum_noun	0
uniuersus_adj	0
uocalis_adj	0
uociferatio_noun	-0.5
uociuus_adj	0
uox_noun	0
upilio_noun	0
urbanus_noun	0.5
urbicus_adj	0.5
urbs_noun	0.5
urps_noun	0.5
ursinus_adj	0
utilis_adj	1
utilitas_noun	1
utillimus_adj	1
uulgus_noun	0
uxor_noun	0
uxoratus_adj	-0.5
uyr_noun	0.5